CUSTOMER NAME,BNY Customer Group,Paramount Customer Group,3rd Party vs  House,MTO 3rd Party vs House
Carleton V Ltd.,Contract,CarletonV,3rd Party,3rd Party
Serena & Lily,Contract,Serena & Lily,3rd Party,3rd Party
E.W. Bredemeier & Co.,Contract,Serena & Lily,3rd Party,3rd Party
The Airtex Group,Contract,Serena & Lily,3rd Party,3rd Party
Lee Industries,Contract,Serena & Lily,3rd Party,3rd Party
"Serena & Lily, SERENA & LILY DISTRIBUTION CENTER",Contract,Serena & Lily,3rd Party,3rd Party
China Seas,Quadrille Inc.,Quadrille Inc.,3rd Party,3rd Party
Cowtan and Tout,Cowtan and Tout,Cowtan and Tout,3rd Party,3rd Party
Kravet,Kravet Inc.,Kravet Inc.,3rd Party,3rd Party
Quadrille Inc.,Quadrille Inc.,Quadrille Inc.,3rd Party,3rd Party
Universal Converters & Importers,Fabricut,Fabricut,3rd Party,3rd Party
CLK Collective,Small Customer,Small Customer,3rd Party,3rd Party
Greige Textiles,Small Customer,Small Customer,3rd Party,3rd Party
Maison C.,Small Customer,Small Customer,3rd Party,3rd Party
Mally Skok Design,Contract,Mally Skok Design,3rd Party,3rd Party
McLaurin & Piercy,McLaurin & Piercy,McLaurin & Piercy,3rd Party,3rd Party
Meg Braff Designs,Meg Braff Designs,Meg Braff Designs,3rd Party,3rd Party
Given Campbell,Small Customer,Small Customer,3rd Party,3rd Party
Studio Four NYC,Small Customer,Small Customer,3rd Party,3rd Party
Walter Knabe Studios Inc.,Small Customer,Small Customer,3rd Party,3rd Party
20TH CENTURY FOX FILM CORP,Small Customer,Small Customer,3rd Party,3rd Party
3FORM,3FORM,3FORM,3rd Party,3rd Party
Amy Karyn Inc.,Small Customer,Small Customer,3rd Party,3rd Party
BRIGHTON CONCEPTS LTD,Small Customer,Small Customer,3rd Party,3rd Party
CarletonV,CarletonV,CarletonV,3rd Party,3rd Party
"China Seas ""Screens"" Account",China Seas,China Seas,3rd Party,3rd Party
Claire Burbridge Design,Small Customer,Small Customer,3rd Party,3rd Party
Ellisha Alexina Textiles,Small Customer,Small Customer,3rd Party,3rd Party
EMILY DICKINSON MUSEUM,Small Customer,Small Customer,3rd Party,3rd Party
FAYCE TEXTILES,Small Customer,Small Customer,3rd Party,3rd Party
KLSHAND LLC,Small Customer,Small Customer,3rd Party,3rd Party
Kravet Inc.,Kravet Inc.,Kravet Inc.,3rd Party,3rd Party
Louise Voyazis Collection,Small Customer,Small Customer,3rd Party,3rd Party
MASON & WOLF,Small Customer,Small Customer,3rd Party,3rd Party
"Meg Braff Designs, LLC",Meg Braff Designs,Meg Braff Designs,3rd Party,3rd Party
MUGSY & LULU LLC DBA VICTORIA LARSON,Small Customer,Small Customer,3rd Party,3rd Party
Patternseed Design Studio LLC,Small Customer,Small Customer,3rd Party,3rd Party
"Peter Fasano Ltd, LLC",Small Customer,Small Customer,3rd Party,3rd Party
"Quadrille ""Screens"" Account",Quadrille Inc.,Quadrille Inc.,3rd Party,3rd Party
STUDIO BON TEXTILES,Small Customer,Small Customer,3rd Party,3rd Party
TWENTY2  LLC,Small Customer,Small Customer,3rd Party,3rd Party
UMA STEWART INTERIORS & LIFESTYLE,Small Customer,Small Customer,3rd Party,3rd Party
UPHOLD ENTERTAINMENT INVORPORATED,Small Customer,Small Customer,3rd Party,3rd Party
VAAHTERA,Small Customer,Small Customer,3rd Party,3rd Party
WALLSHOPPE,Small Customer,Small Customer,3rd Party,3rd Party
WALTER G TEXTILES,WALTER G TEXTILES,WALTER G TEXTILES,3rd Party,3rd Party
Walter Knabe Studios,Small Customer,Small Customer,3rd Party,3rd Party
ZAK + FOX,Small Customer,Small Customer,3rd Party,3rd Party
Amy Karyn,Small Customer,Small Customer,3rd Party,3rd Party
Mason & Wolf Wallpaper,Small Customer,Small Customer,3rd Party,3rd Party
Heidi Caillier Design,Small Customer,Small Customer,3rd Party,3rd Party
The CLI Group,Small Customer,Small Customer,3rd Party,3rd Party
Sister Parish Design,Small Customer,Small Customer,3rd Party,3rd Party
Bob Collins & Sons Inc.,Small Customer,Small Customer,3rd Party,3rd Party
Drusus Tabor,Small Customer,Small Customer,3rd Party,3rd Party
FERRICK MASON,Small Customer,Small Customer,3rd Party,3rd Party
F. SCHUMACHER & CO - MTO,MTO,Schumacher,Schumacher,MTO
"F. SCHUMACHER & CO., ATTN: HUDSON MOORE",MTO,Schumacher,Schumacher,MTO
"F. SCHUMACHER & Co., MTO",MTO,Schumacher,Schumacher,MTO
"F. SCHUMACHER MTO,",MTO,Schumacher,Schumacher,MTO
F. SCHUMACHER & CO.  CUSTOM MTO,MTO,Schumacher,Schumacher,MTO
F. SCHUMACHER & CO. CUSTOM MTO,MTO,Schumacher,Schumacher,MTO
BACKDROP,Backdrop,Schumacher,Schumacher,Schumacher
F. SCHUMACHER & CO - HOSPITALITY,Hospitality,Schumacher,Schumacher,Schumacher
F. SCHUMACHER & CO - HUB,HUB,Schumacher,Schumacher,Schumacher
F. SCHUMACHER & CO - MEMOS,Memos,Schumacher,Schumacher,Schumacher
F. SCHUMACHER & CO - MERCH,HUB,Schumacher,Schumacher,Schumacher
F. SCHUMACHER & CO - STUDIO,HUB,Schumacher,Schumacher,Schumacher
drozmarin@fsco.com,HUB,Schumacher,Schumacher,Schumacher
F. SCHUMACHER & CO.,HUB,Schumacher,Schumacher,Schumacher
F. SCHUMACHER & CO - NEW GOODS,HUB,Schumacher,Schumacher,Schumacher
"F. SCHUMACHER & CO., HOSPITALITY",Hospitality,Schumacher,Schumacher,Schumacher
"F. SCHUMACHER & CO., HOSPITALITY, Katie Ix",Hospitality,Schumacher,Schumacher,Schumacher
"F. SCHUMACHER & CO., HOSPITALITY, Meghan Sudnikovich",Hospitality,Schumacher,Schumacher,Schumacher
"F. SCHUMACHER & CO., MEMOS",Memos,Schumacher,Schumacher,Schumacher
"F. Schumacher & Co., Patterson Flynn",HUB,Schumacher,Schumacher,Schumacher
F. SCHUMACHER & CO - PATTERSON FLYNN,HUB,Schumacher,Schumacher,Schumacher
"F. SCHUMACHER & CO., Procurement",HUB,Schumacher,Schumacher,Schumacher
"F. SCHUMACHER & CO., Supply Chain",HUB,Schumacher,Schumacher,Schumacher
F. SCHUMACHER & CO.  PARAMOUNT HANDPRINTS,Contract,Schumacher,Schumacher,Schumacher
F. SCHUMACHER & CO. PARAMOUNT HANDPRINTS,Contract,Schumacher,Schumacher,Schumacher
F. SCHUMACHER & CO.  PATTERSON FLYNN,HUB,Schumacher,Schumacher,Schumacher
F. Schumacher Test Company,HUB,Schumacher,Schumacher,Schumacher
Tillett Textiles,Contract,Tillett Textiles,Schumacher,Schumacher
SCHUMACHER,HUB,Schumacher,Schumacher,Schumacher
F. SCHUMACHER & CO - P&W,P&W,P&W,Schumacher,Schumacher
