Order-Line,ORDER_NUMBER,LINE_NUMBER,Manual Machine
F0010579-1,F0010579,1,Trish
F0006281-1,F0006281,1,Trish
F0006283-1,F0006283,1,Trish
F0006285-1,F0006285,1,Trish
F0006303-1,F0006303,1,Trish
F0006311-1,F0006311,1,Trish
F0006319-1,F0006319,1,Trish
F0006332-1,F0006332,1,Trish
F0006337-1,F0006337,1,Trish
F0006339-1,F0006339,1,Trish
F0006341-1,F0006341,1,Trish
F0006531-1,F0006531,1,Trish
F0006808-1,F0006808,1,Trish
F0006825-1,F0006825,1,Trish
F0006828-1,F0006828,1,Trish
F0006875-1,F0006875,1,Trish
F0006885-1,F0006885,1,Trish
F0006950-1,F0006950,1,Trish
F0006986-1,F0006986,1,Trish
F0006989-1,F0006989,1,Trish
F0006997-1,F0006997,1,Trish
F0007459-1,F0007459,1,Trish
F0007465-1,F0007465,1,Trish
F0007470-1,F0007470,1,Trish
F0007876-1,F0007876,1,Trish
F0008012-1,F0008012,1,Trish
F0008199-1,F0008199,1,Trish
F0008401-1,F0008401,1,Trish
F0008461-1,F0008461,1,Trish
F0008462-1,F0008462,1,Trish
F0008463-1,F0008463,1,Trish
F0008464-1,F0008464,1,Trish
F0008465-1,F0008465,1,Trish
F0008466-1,F0008466,1,Trish
F0008467-1,F0008467,1,Trish
F0008468-1,F0008468,1,Trish
F0008469-1,F0008469,1,Trish
F0008470-1,F0008470,1,Trish
F0008471-1,F0008471,1,Trish
F0008472-1,F0008472,1,Trish
F0008473-1,F0008473,1,Trish
F0008474-1,F0008474,1,Trish
F0008476-1,F0008476,1,Trish
F0008477-1,F0008477,1,Trish
F0008478-1,F0008478,1,Trish
F0008479-1,F0008479,1,Trish
F0008480-1,F0008480,1,Trish
F0008481-1,F0008481,1,Trish
F0008484-1,F0008484,1,Trish
F0008485-1,F0008485,1,Trish
F0008486-1,F0008486,1,Trish
F0008487-1,F0008487,1,Trish
F0008488-1,F0008488,1,Trish
F0008489-1,F0008489,1,Trish
F0008490-1,F0008490,1,Trish
F0008491-1,F0008491,1,Trish
F0008502-1,F0008502,1,Trish
F0008503-1,F0008503,1,Trish
F0008504-1,F0008504,1,Trish
F0008505-1,F0008505,1,Trish
F0008506-1,F0008506,1,Trish
F0008508-1,F0008508,1,Trish
F0008509-1,F0008509,1,Trish
F0008510-1,F0008510,1,Trish
F0008514-1,F0008514,1,Trish
F0008515-1,F0008515,1,Trish
F0008517-1,F0008517,1,Trish
F0008519-1,F0008519,1,Trish
F0008520-1,F0008520,1,Trish
F0008529-1,F0008529,1,Trish
F0008564-1,F0008564,1,Trish
F0008587-1,F0008587,1,Trish
F0008588-1,F0008588,1,Trish
F0008593-1,F0008593,1,Trish
F0008594-1,F0008594,1,Trish
F0008595-1,F0008595,1,Trish
F0008597-1,F0008597,1,Trish
F0008598-1,F0008598,1,Trish
F0008599-1,F0008599,1,Trish
F0008600-1,F0008600,1,Trish
F0008601-1,F0008601,1,Trish
F0008602-1,F0008602,1,Trish
F0008606-1,F0008606,1,Trish
F0008613-1,F0008613,1,Trish
F0008621-1,F0008621,1,Trish
F0008624-1,F0008624,1,Trish
F0008625-1,F0008625,1,Trish
F0008627-1,F0008627,1,Trish
F0008628-1,F0008628,1,Trish
F0008629-1,F0008629,1,Trish
F0008630-1,F0008630,1,Trish
F0008631-1,F0008631,1,Trish
F0008632-1,F0008632,1,Trish
F0008633-1,F0008633,1,Trish
F0008634-1,F0008634,1,Trish
F0008635-1,F0008635,1,Trish
F0008636-1,F0008636,1,Trish
F0008637-1,F0008637,1,Trish
F0008638-1,F0008638,1,Trish
F0008639-1,F0008639,1,Trish
F0008640-1,F0008640,1,Trish
F0008641-1,F0008641,1,Trish
F0008642-1,F0008642,1,Trish
F0008643-1,F0008643,1,Trish
F0008644-1,F0008644,1,Trish
F0008645-1,F0008645,1,Trish
F0008646-1,F0008646,1,Trish
F0008647-1,F0008647,1,Trish
F0008648-1,F0008648,1,Trish
F0008650-1,F0008650,1,Trish
F0008652-1,F0008652,1,Trish
F0008654-1,F0008654,1,Trish
F0008655-1,F0008655,1,Trish
F0008656-1,F0008656,1,Trish
F0008657-1,F0008657,1,Trish
F0008658-1,F0008658,1,Trish
F0008659-1,F0008659,1,Trish
F0008660-1,F0008660,1,Trish
F0008661-1,F0008661,1,Trish
F0008662-1,F0008662,1,Trish
F0008663-1,F0008663,1,Trish
F0008678-1,F0008678,1,Trish
F0008752-1,F0008752,1,Trish
F0008889-1,F0008889,1,Trish
F0008919-1,F0008919,1,Trish
F0008923-1,F0008923,1,Trish
F0010937-1,F0010937,1,Trish
F0007296-1,F0007296,1,Trish
F0007297-1,F0007297,1,Trish
F0007298-1,F0007298,1,Trish
F0007299-1,F0007299,1,Trish
F0007300-1,F0007300,1,Trish
F0007304-1,F0007304,1,Trish
F0009241-1,F0009241,1,Trish
F0009274-1,F0009274,1,Trish
F0009559-1,F0009559,1,Trish
F0009803-1,F0009803,1,Trish
F0010212-1,F0010212,1,Trish
F0008516-1,F0008516,1,Trish
F0008604-1,F0008604,1,Trish
F0008605-1,F0008605,1,Trish
F0008742-1,F0008742,1,Trish
F0009010-1,F0009010,1,Trish
F0009099-1,F0009099,1,Trish
F0009316-1,F0009316,1,Trish
F0009340-1,F0009340,1,Trish
F0009507-1,F0009507,1,Trish
F0010973-1,F0010973,1,Trish
F0011125-1,F0011125,1,Trish
F0011138-1,F0011138,1,Trish
F0011197-1,F0011197,1,Trish
F0007362-1,F0007362,1,Trish
F0007510-1,F0007510,1,Trish
F0008125-1,F0008125,1,Trish
F0008694-1,F0008694,1,Trish
F0009554-1,F0009554,1,Trish
F0011270-1,F0011270,1,Glow
F0011123-1,F0011123,1,Glow
F0006400-1,F0006400,1,Glow
F0006416-1,F0006416,1,Glow
F0006782-1,F0006782,1,Glow
F0006858-1,F0006858,1,Glow
F0006859-1,F0006859,1,Glow
F0006951-1,F0006951,1,Glow
F0006970-1,F0006970,1,Glow
F0006975-1,F0006975,1,Glow
F0006987-1,F0006987,1,Glow
F0007135-1,F0007135,1,Glow
F0007361-1,F0007361,1,Glow
F0007368-1,F0007368,1,Glow
F0007456-1,F0007456,1,Glow
F0007458-1,F0007458,1,Glow
F0007467-1,F0007467,1,Glow
F0007469-1,F0007469,1,Glow
F0007567-1,F0007567,1,Glow
F0007570-1,F0007570,1,Glow
F0007572-1,F0007572,1,Glow
F0007807-1,F0007807,1,Glow
F0008113-1,F0008113,1,Glow
F0008114-1,F0008114,1,Glow
F0008130-1,F0008130,1,Glow
F0008131-1,F0008131,1,Glow
F0008133-1,F0008133,1,Glow
F0008376-1,F0008376,1,Glow
F0008521-1,F0008521,1,Glow
F0008523-1,F0008523,1,Glow
F0008524-1,F0008524,1,Glow
F0008527-1,F0008527,1,Glow
F0008551-1,F0008551,1,Glow
F0008581-1,F0008581,1,Glow
F0008589-1,F0008589,1,Glow
F0008590-1,F0008590,1,Glow
F0008591-1,F0008591,1,Glow
F0008592-1,F0008592,1,Glow
F0008611-1,F0008611,1,Glow
F0008612-1,F0008612,1,Glow
F0008616-1,F0008616,1,Glow
F0008617-1,F0008617,1,Glow
F0008618-1,F0008618,1,Glow
F0008619-1,F0008619,1,Glow
F0008620-1,F0008620,1,Glow
F0008626-1,F0008626,1,Glow
F0008667-1,F0008667,1,Glow
F0008713-1,F0008713,1,Glow
F0008725-1,F0008725,1,Glow
F0008753-1,F0008753,1,Glow
F0008764-1,F0008764,1,Glow
F0008860-1,F0008860,1,Glow
F0008862-1,F0008862,1,Glow
F0008746-1,F0008746,1,Glow
F0010429-1,F0010429,1,Glow
F0010430-1,F0010430,1,Glow
F0010431-1,F0010431,1,Glow
F0010432-1,F0010432,1,Glow
F0010434-1,F0010434,1,Glow
F0010436-1,F0010436,1,Glow
F0010437-1,F0010437,1,Glow
F0010438-1,F0010438,1,Glow
F0010439-1,F0010439,1,Glow
F0010440-1,F0010440,1,Glow
F0009822-1,F0009822,1,Glow
F0010210-1,F0010210,1,Glow
F0010211-1,F0010211,1,Glow
F0010213-1,F0010213,1,Glow
F0010338-1,F0010338,1,Glow
F0010346-1,F0010346,1,Glow
F0010483-1,F0010483,1,Glow
F0010569-1,F0010569,1,Glow
F0008863-1,F0008863,1,Glow
F0008979-1,F0008979,1,Glow
F0009435-1,F0009435,1,Glow
F0008219-1,F0008219,1,Glow
F0010875-1,F0010875,1,Glow
F0011139-1,F0011139,1,Glow
F0007365-1,F0007365,1,Glow
F0008990-1,F0008990,1,Glow
F0010282-1,F0010282,1,Glow
F0009824-1,F0009824,1,Dakota Kai
F0010728-1,F0010728,1,Dakota Kai
F0009349-1,F0009349,1,Dakota Kai
F0010466-1,F0010466,1,Dakota Kai
F0003536-1,F0003536,1,Dakota Kai
F0008938-1,F0008938,1,Dakota Kai
F0008962-1,F0008962,1,Dakota Kai
F0009025-1,F0009025,1,Dakota Kai
F0009217-1,F0009217,1,Dakota Kai
F0009285-1,F0009285,1,Dakota Kai
F0009343-1,F0009343,1,Dakota Kai
F0009380-1,F0009380,1,Dakota Kai
F0009422-1,F0009422,1,Dakota Kai
F0009518-1,F0009518,1,Dakota Kai
F0009519-1,F0009519,1,Dakota Kai
F0009590-1,F0009590,1,Dakota Kai
F0009599-1,F0009599,1,Dakota Kai
F0009712-1,F0009712,1,Dakota Kai
F0009881-1,F0009881,1,Dakota Kai
F0007814-1,F0007814,1,Dakota Kai
F0008105-1,F0008105,1,Dakota Kai
F0008177-1,F0008177,1,Dakota Kai
F0008237-1,F0008237,1,Dakota Kai
F0008423-1,F0008423,1,Dakota Kai
F0008438-1,F0008438,1,Dakota Kai
F0008550-1,F0008550,1,Dakota Kai
F0008562-1,F0008562,1,Dakota Kai
F0008563-1,F0008563,1,Dakota Kai
F0008577-1,F0008577,1,Dakota Kai
F0008584-1,F0008584,1,Dakota Kai
F0008720-1,F0008720,1,Dakota Kai
F0008733-1,F0008733,1,Dakota Kai
F0008741-1,F0008741,1,Dakota Kai
F0008743-1,F0008743,1,Dakota Kai
F0008762-1,F0008762,1,Dakota Kai
F0008763-1,F0008763,1,Dakota Kai
F0008765-1,F0008765,1,Dakota Kai
F0008766-1,F0008766,1,Dakota Kai
F0008767-1,F0008767,1,Dakota Kai
F0008772-1,F0008772,1,Dakota Kai
F0008858-1,F0008858,1,Dakota Kai
F0008885-1,F0008885,1,Dakota Kai
F0008886-1,F0008886,1,Dakota Kai
F0008927-1,F0008927,1,Dakota Kai
F0008966-1,F0008966,1,Dakota Kai
F0007608-1,F0007608,1,Dakota Kai
F0007667-1,F0007667,1,Dakota Kai
F0008432-1,F0008432,1,Dakota Kai
F0008976-1,F0008976,1,Dakota Kai
F0008977-1,F0008977,1,Dakota Kai
F0008983-1,F0008983,1,Dakota Kai
F0009073-1,F0009073,1,Dakota Kai
F0009084-1,F0009084,1,Dakota Kai
F0009136-1,F0009136,1,Dakota Kai
F0009218-1,F0009218,1,Dakota Kai
F0009279-1,F0009279,1,Dakota Kai
F0010700-1,F0010700,1,Dakota Kai
F0010716-1,F0010716,1,Dakota Kai
F0011381-1,F0011381,1,Dakota Kai
F0011508-1,F0011508,1,Dakota Kai
F0011377-1,F0011377,1,Dakota Kai
F0011004-1,F0011004,1,Dakota Kai
F0011005-1,F0011005,1,Dakota Kai
F0007888-1,F0007888,1,Dakota Kai
F0010179-1,F0010179,1,Chyna
F0009615-1,F0009615,1,LASH
F0009551-1,F0009551,1,Rhonda
F0010487-1,F0010487,1,XIA
F0008297-1,F0008297,1,EMBER
F0008361-1,F0008361,1,LASH
F0008192-1,F0008192,1,Sasha
F0008359-1,F0008359,1,XIA
F0010615-1,F0010615,1,Bianca
F0010730-1,F0010730,1,EMBER
F0010074-1,F0010074,1,Bianca
F0009420-1,F0009420,1,EMBER
F0009433-1,F0009433,1,EMBER
F0010596-1,F0010596,1,Bianca
F0010697-1,F0010697,1,Chyna
F0010876-1,F0010876,1,Ruby
F0008568-1,F0008568,1,EMBER
F0010064-1,F0010064,1,LASH
F0010114-1,F0010114,1,LASH
F0001339-1,F0001339,1,Bianca
F0004152-1,F0004152,1,Chyna
F0004153-1,F0004153,1,Chyna
F0008580-1,F0008580,1,Bianca
F0009019-1,F0009019,1,LASH
F0009800-1,F0009800,1,Bianca
F0009801-1,F0009801,1,Bianca
F0010701-1,F0010701,1,Bianca
F0010705-1,F0010705,1,Bianca
F0010715-1,F0010715,1,Bianca
F0010718-1,F0010718,1,Bianca
F0009271-1,F0009271,1,Bianca
F0009226-1,F0009226,1,Bianca
F0008881-1,F0008881,1,Bianca
F0008981-1,F0008981,1,Bianca
F0009016-1,F0009016,1,Bianca
F0009038-1,F0009038,1,Bianca
F0006418-1,F0006418,1,Bianca
F0007652-1,F0007652,1,Bianca
F0008196-1,F0008196,1,Bianca
F0008248-1,F0008248,1,Bianca
F0008364-1,F0008364,1,Bianca
F0008507-1,F0008507,1,Bianca
F0008528-1,F0008528,1,Bianca
F0008553-1,F0008553,1,Bianca
F0008554-1,F0008554,1,Bianca
F0008555-1,F0008555,1,Bianca
F0008586-1,F0008586,1,Bianca
F0008703-1,F0008703,1,Bianca
F0008747-1,F0008747,1,Bianca
F0008884-1,F0008884,1,Bianca
F0008903-1,F0008903,1,Bianca
F0008926-1,F0008926,1,Bianca
F0008934-1,F0008934,1,Bianca
F0008963-1,F0008963,1,Bianca
F0008395-1,F0008395,1,Bianca
F0008933-1,F0008933,1,Bianca
F0009419-1,F0009419,1,Bianca
F0009805-1,F0009805,1,Bianca
F0010068-1,F0010068,1,Bianca
F0007806-1,F0007806,1,Chyna
F0009263-1,F0009263,1,Chyna
F0009264-1,F0009264,1,Chyna
F0008973-1,F0008973,1,Chyna
F0009312-1,F0009312,1,Chyna
F0009315-1,F0009315,1,Chyna
F0008891-1,F0008891,1,Chyna
F0009204-1,F0009204,1,Chyna
F0009257-1,F0009257,1,Chyna
F0009395-1,F0009395,1,Chyna
F0006974-1,F0006974,1,EMBER
F0007003-1,F0007003,1,EMBER
F0007811-1,F0007811,1,EMBER
F0008103-1,F0008103,1,EMBER
F0008161-1,F0008161,1,EMBER
F0008233-1,F0008233,1,EMBER
F0008363-1,F0008363,1,EMBER
F0008456-1,F0008456,1,EMBER
F0008457-1,F0008457,1,EMBER
F0008559-1,F0008559,1,EMBER
F0008579-1,F0008579,1,EMBER
F0008666-1,F0008666,1,EMBER
F0008769-1,F0008769,1,EMBER
F0008895-1,F0008895,1,EMBER
F0008925-1,F0008925,1,EMBER
F0008959-1,F0008959,1,EMBER
F0008960-1,F0008960,1,EMBER
F0008969-1,F0008969,1,EMBER
F0008269-1,F0008269,1,EMBER
F0008454-1,F0008454,1,EMBER
F0008578-1,F0008578,1,EMBER
F0008890-1,F0008890,1,EMBER
F0009080-1,F0009080,1,EMBER
F0009085-1,F0009085,1,EMBER
F0009086-1,F0009086,1,EMBER
F0009093-1,F0009093,1,EMBER
F0009225-1,F0009225,1,EMBER
F0009238-1,F0009238,1,EMBER
F0009254-1,F0009254,1,EMBER
F0009298-1,F0009298,1,EMBER
F0009362-1,F0009362,1,EMBER
F0009520-1,F0009520,1,EMBER
F0009563-1,F0009563,1,EMBER
F0009591-1,F0009591,1,EMBER
F0010720-1,F0010720,1,EMBER
F0010725-1,F0010725,1,EMBER
F0009896-1,F0009896,1,EMBER
F0009976-1,F0009976,1,EMBER
F0010199-1,F0010199,1,EMBER
F0010465-1,F0010465,1,EMBER
F0010482-1,F0010482,1,EMBER
F0008924-1,F0008924,1,EMBER
F0009251-1,F0009251,1,EMBER
F0009352-1,F0009352,1,EMBER
F0009606-1,F0009606,1,EMBER
F0009633-1,F0009633,1,EMBER
F0009844-1,F0009844,1,EMBER
F0008066-1,F0008066,1,LASH
F0008222-1,F0008222,1,LASH
F0008229-1,F0008229,1,LASH
F0008420-1,F0008420,1,LASH
F0008428-1,F0008428,1,LASH
F0008525-1,F0008525,1,LASH
F0008558-1,F0008558,1,LASH
F0008664-1,F0008664,1,LASH
F0008665-1,F0008665,1,LASH
F0008897-1,F0008897,1,LASH
F0008957-1,F0008957,1,LASH
F0008961-1,F0008961,1,LASH
F0007383-1,F0007383,1,LASH
F0008241-1,F0008241,1,LASH
F0008242-1,F0008242,1,LASH
F0008243-1,F0008243,1,LASH
F0008251-1,F0008251,1,LASH
F0008560-1,F0008560,1,LASH
F0008978-1,F0008978,1,LASH
F0009069-1,F0009069,1,LASH
F0009076-1,F0009076,1,LASH
F0009127-1,F0009127,1,LASH
F0009143-1,F0009143,1,LASH
F0009284-1,F0009284,1,LASH
F0009286-1,F0009286,1,LASH
F0009350-1,F0009350,1,LASH
F0009351-1,F0009351,1,LASH
F0009562-1,F0009562,1,LASH
F0009701-1,F0009701,1,LASH
F0010698-1,F0010698,1,LASH
F0008552-1,F0008552,1,LASH
F0008975-1,F0008975,1,LASH
F0009037-1,F0009037,1,LASH
F0009039-1,F0009039,1,LASH
F0009354-1,F0009354,1,LASH
F0009386-1,F0009386,1,LASH
F0009439-1,F0009439,1,LASH
F0009837-1,F0009837,1,LASH
F0010600-1,F0010600,1,LASH
F0010364-1,F0010364,1,LASH
F0010833-1,F0010833,1,LASH
F0009908-1,F0009908,1,Rhonda
F0006539-1,F0006539,1,Ruby
F0008010-1,F0008010,1,Ruby
F0008727-1,F0008727,1,Ruby
F0007602-1,F0007602,1,Ruby
F0007800-1,F0007800,1,Ruby
F0008964-1,F0008964,1,Ruby
F0009055-1,F0009055,1,Ruby
F0010208-1,F0010208,1,Ruby
F0006893-1,F0006893,1,Ruby
F0009732-1,F0009732,1,Ruby
F0006587-1,F0006587,1,Sasha
F0006876-1,F0006876,1,Sasha
F0006881-1,F0006881,1,Sasha
F0006894-1,F0006894,1,Sasha
F0006958-1,F0006958,1,Sasha
F0006968-1,F0006968,1,Sasha
F0006984-1,F0006984,1,Sasha
F0007001-1,F0007001,1,Sasha
F0007002-1,F0007002,1,Sasha
F0007245-1,F0007245,1,Sasha
F0007363-1,F0007363,1,Sasha
F0007379-1,F0007379,1,Sasha
F0007382-1,F0007382,1,Sasha
F0007471-1,F0007471,1,Sasha
F0007886-1,F0007886,1,Sasha
F0007999-1,F0007999,1,Sasha
F0008007-1,F0008007,1,Sasha
F0008061-1,F0008061,1,Sasha
F0008132-1,F0008132,1,Sasha
F0008180-1,F0008180,1,Sasha
F0008522-1,F0008522,1,Sasha
F0008668-1,F0008668,1,Sasha
F0008757-1,F0008757,1,Sasha
F0008760-1,F0008760,1,Sasha
F0008873-1,F0008873,1,Sasha
F0008921-1,F0008921,1,Sasha
F0008928-1,F0008928,1,Sasha
F0008956-1,F0008956,1,Sasha
F0010753-1,F0010753,1,Sasha
F0008972-1,F0008972,1,Sasha
F0009078-1,F0009078,1,Sasha
F0009140-1,F0009140,1,Sasha
F0010417-1,F0010417,1,Sasha
F0010441-1,F0010441,1,Sasha
F0010214-1,F0010214,1,Sasha
F0010493-1,F0010493,1,Sasha
F0010513-1,F0010513,1,Sasha
F0010572-1,F0010572,1,Sasha
F0009355-1,F0009355,1,Sasha
F0009381-1,F0009381,1,Sasha
F0009570-1,F0009570,1,Sasha
F0007109-1,F0007109,1,Serena
F0007206-1,F0007206,1,Serena
F0008691-1,F0008691,1,Serena
F0009903-1,F0009903,1,Serena
F0004856-1,F0004856,1,XIA
F0007820-1,F0007820,1,XIA
F0008167-1,F0008167,1,XIA
F0008197-1,F0008197,1,XIA
F0008234-1,F0008234,1,XIA
F0008245-1,F0008245,1,XIA
F0008400-1,F0008400,1,XIA
F0008429-1,F0008429,1,XIA
F0008436-1,F0008436,1,XIA
F0008556-1,F0008556,1,XIA
F0008557-1,F0008557,1,XIA
F0008561-1,F0008561,1,XIA
F0008582-1,F0008582,1,XIA
F0008585-1,F0008585,1,XIA
F0008754-1,F0008754,1,XIA
F0008758-1,F0008758,1,XIA
F0008888-1,F0008888,1,XIA
F0007615-1,F0007615,1,XIA
F0007648-1,F0007648,1,XIA
F0007651-1,F0007651,1,XIA
F0007666-1,F0007666,1,XIA
F0007794-1,F0007794,1,XIA
F0007795-1,F0007795,1,XIA
F0007796-1,F0007796,1,XIA
F0007797-1,F0007797,1,XIA
F0007799-1,F0007799,1,XIA
F0008768-1,F0008768,1,XIA
F0008965-1,F0008965,1,XIA
F0009071-1,F0009071,1,XIA
F0009092-1,F0009092,1,XIA
F0009134-1,F0009134,1,XIA
F0009252-1,F0009252,1,XIA
F0009267-1,F0009267,1,XIA
F0009283-1,F0009283,1,XIA
F0009348-1,F0009348,1,XIA
F0009595-1,F0009595,1,XIA
F0010689-1,F0010689,1,XIA
F0010690-1,F0010690,1,XIA
F0010692-1,F0010692,1,XIA
F0010076-1,F0010076,1,XIA
F0010261-1,F0010261,1,XIA
F0010292-1,F0010292,1,XIA
F0010368-1,F0010368,1,XIA
F0010636-1,F0010636,1,XIA
F0008623-1,F0008623,1,XIA
F0008771-1,F0008771,1,XIA
F0008932-1,F0008932,1,XIA
F0009280-1,F0009280,1,XIA
F0009281-1,F0009281,1,XIA
F0009347-1,F0009347,1,XIA
F0009369-1,F0009369,1,XIA
F0009648-1,F0009648,1,XIA
F0009212-1,F0009212,1,Sasha
F0010764-1,F0010764,1,LASH
F0010780-1,F0010780,1,Rhonda
F0010881-1,F0010881,1,XIA
F0010934-1,F0010934,1,Ruby
F0010964-1,F0010964,1,Sasha
F0010969-1,F0010969,1,Sasha
F0011006-1,F0011006,1,Sasha
F0011107-1,F0011107,1,Sasha
F0010638-1,F0010638,1,Sasha
F0010858-1,F0010858,1,Ruby
F0011021-1,F0011021,1,Sasha
F0011087-1,F0011087,1,LASH
F0005823-1,F0005823,1,XIA
F0008063-1,F0008063,1,LASH
F0008437-1,F0008437,1,Serena
F0011237-1,F0011237,1,EMBER
F0011536-1,F0011536,1,Chyna
F0010828-1,F0010828,1,Chyna
F0011519-1,F0011519,1,Chyna
F0011607-1,F0011607,1,Chyna
F0011606-1,F0011606,1,Chyna
F0011754-1,F0011754,1,Chyna
F0009001-1,F0009001,1,Sasha
F0006953-1,F0006953,1,Ruby
F0006969-1,F0006969,1,Ruby
F0007364-1,F0007364,1,Sasha
F0007366-1,F0007366,1,Sasha
F0007882-1,F0007882,1,Ruby
F0008994-1,F0008994,1,Ruby
F0008995-1,F0008995,1,Sasha
F0010252-1,F0010252,1,Sasha
F0010413-1,F0010413,1,Ruby
F0010869-1,F0010869,1,Sasha
F0011749-1,F0011749,1,Bianca
F0011647-1,F0011647,1,EMBER
F0010838-1,F0010838,1,Ruby
F0011078-1,F0011078,1,Chyna
F0011574-1,F0011574,1,Chyna
F0010530-1,F0010530,1,Serena
F0010529-1,F0010529,1,Serena
F0010754-1,F0010754,1,Serena
F0011687-1,F0011687,1,Chyna
F0010179-2,F0010179,2,Chyna
F0010179-3,F0010179,3,Chyna
F0009615-2,F0009615,2,LASH
F0009349-2,F0009349,2,Dakota Kai
F0009971-2,F0009971,2,Dakota Kai
F0010461-3,F0010461,3,Bianca
F0008981-2,F0008981,2,Bianca
F0008586-2,F0008586,2,Bianca
F0008732-2,F0008732,2,Dakota Kai
F0009712-2,F0009712,2,Dakota Kai
F0008772-2,F0008772,2,Dakota Kai
F0008432-2,F0008432,2,Dakota Kai
F0009084-2,F0009084,2,Dakota Kai
F0009084-3,F0009084,3,Dakota Kai
F0009084-4,F0009084,4,Dakota Kai
F0009218-2,F0009218,2,Dakota Kai
F0009279-2,F0009279,2,Dakota Kai
F0009875-2,F0009875,2,Dakota Kai
F0009257-2,F0009257,2,EMBER
F0009427-2,F0009427,2,EMBER
F0006416-2,F0006416,2,Glow
F0006416-3,F0006416,3,Glow
F0006416-5,F0006416,5,Glow
F0006782-2,F0006782,2,Glow
F0006782-3,F0006782,3,Glow
F0006782-4,F0006782,4,Glow
F0010361-2,F0010361,2,Glow
F0010642-2,F0010642,2,Glow
F0008428-2,F0008428,2,LASH
F0008957-2,F0008957,2,LASH
F0009386-2,F0009386,2,LASH
F0007000-2,F0007000,2,Sasha
F0008691-2,F0008691,2,Serena
F0009903-2,F0009903,2,Serena
F0009903-3,F0009903,3,Serena
F0008229-2,F0008229,2,XIA
F0009071-2,F0009071,2,XIA
F0009652-2,F0009652,2,XIA
F0010291-2,F0010291,2,XIA
F0008623-2,F0008623,2,XIA
F0008623-3,F0008623,3,XIA
F0008623-4,F0008623,4,XIA
F0011033-2,F0011033,2,LASH
F0008437-2,F0008437,2,Serena
F0006417-3,F0006417,3,Glow
F0010530-2,F0010530,2,Serena
F0010530-3,F0010530,3,Serena
F0010754-2,F0010754,2,Serena
F0010754-3,F0010754,3,Serena
F0012121-2,F0012121,2,Ruby
